method,K,p1,p2,p3,p4,p5,p6,n_trials,T_max,asc_confidence,delta,epsilon,seed,include_final_wasteful,d_hat,lower_bound,empirical_mean,empirical_sem,n_valid,n_hit_cap,tilde_gap
ASC,2,0.55,0.45,0.0,0.0,0.0,0.0,1000,4096,0.95,0.1,0.0,0,True,15.112,5.289781127635112,45.478,4.569967189829279,1000,0,0.10000000000000003
PPR-1v1,2,0.55,0.45,0.0,0.0,0.0,0.0,1000,4096,0.95,0.1,0.0,0,True,90.12,7.964324785332752,46.88,7.274789355037035,1000,1,0.10000000000000003
ASC,2,0.5710526315789474,0.42894736842105263,0.0,0.0,0.0,0.0,1000,4096,0.95,0.1,0.0,0,True,12.901,3.9098910270511817,22.087,2.103270114886858,1000,0,0.14210526315789473
PPR-1v1,2,0.5710526315789474,0.42894736842105263,0.0,0.0,0.0,0.0,1000,4096,0.95,0.1,0.0,0,True,59.302,5.192160384378339,22.897,2.9098652385817987,1000,0,0.14210526315789473
ASC,2,0.5921052631578947,0.40789473684210525,0.0,0.0,0.0,0.0,1000,4096,0.95,0.1,0.0,0,True,10.986,2.947296459479082,13.76,1.1914923642449642,1000,0,0.18421052631578944
PPR-1v1,2,0.5921052631578947,0.40789473684210525,0.0,0.0,0.0,0.0,1000,4096,0.95,0.1,0.0,0,True,44.748,3.6899525844626155,17.283,1.7837883315606178,1000,0,0.18421052631578944
ASC,2,0.6131578947368421,0.3868421052631579,0.0,0.0,0.0,0.0,1000,4096,0.95,0.1,0.0,0,True,9.455,2.2649915937992207,10.479,0.8033111899306943,1000,0,0.22631578947368425
PPR-1v1,2,0.6131578947368421,0.3868421052631579,0.0,0.0,0.0,0.0,1000,4096,0.95,0.1,0.0,0,True,34.89,2.755176996328957,11.857,1.090373084987182,1000,0,0.22631578947368425
ASC,2,0.6342105263157896,0.36578947368421055,0.0,0.0,0.0,0.0,1000,4096,0.95,0.1,0.0,0,True,8.811,1.85117595577165,8.072,0.6215634779788441,1000,0,0.268421052631579
PPR-1v1,2,0.6342105263157896,0.36578947368421055,0.0,0.0,0.0,0.0,1000,4096,0.95,0.1,0.0,0,True,28.667,2.13228402371181,8.368,0.7816646183470093,1000,0,0.268421052631579
ASC,2,0.6552631578947368,0.3447368421052632,0.0,0.0,0.0,0.0,1000,4096,0.95,0.1,0.0,0,True,7.881,1.4899242971753632,6.417,0.466086201627282,1000,0,0.3105263157894736
PPR-1v1,2,0.6552631578947368,0.3447368421052632,0.0,0.0,0.0,0.0,1000,4096,0.95,0.1,0.0,0,True,23.993,1.6852684910488869,7.594,0.6228073964341247,1000,0,0.3105263157894736
ASC,2,0.6763157894736842,0.3236842105263158,0.0,0.0,0.0,0.0,1000,4096,0.95,0.1,0.0,0,True,7.227,1.2241168496221304,4.494,0.34760724214951966,1000,0,0.3526315789473684
PPR-1v1,2,0.6763157894736842,0.3236842105263158,0.0,0.0,0.0,0.0,1000,4096,0.95,0.1,0.0,0,True,20.492,1.351541726941432,6.344,0.5183245357151486,1000,0,0.3526315789473684
ASC,2,0.6973684210526316,0.3026315789473684,0.0,0.0,0.0,0.0,1000,4096,0.95,0.1,0.0,0,True,6.554,1.0041966045409285,4.754,0.31499000413140527,1000,0,0.3947368421052632
PPR-1v1,2,0.6973684210526316,0.3026315789473684,0.0,0.0,0.0,0.0,1000,4096,0.95,0.1,0.0,0,True,17.883,1.096227440010227,5.29,0.38177696846935866,1000,0,0.3947368421052632
ASC,2,0.718421052631579,0.28157894736842104,0.0,0.0,0.0,0.0,1000,4096,0.95,0.1,0.0,0,True,6.254,0.8375770327224407,3.518,0.2111214064187908,1000,0,0.4368421052631579
PPR-1v1,2,0.718421052631579,0.28157894736842104,0.0,0.0,0.0,0.0,1000,4096,0.95,0.1,0.0,0,True,16.152,0.8955051692517823,4.628,0.3239978249781788,1000,0,0.4368421052631579
ASC,2,0.7394736842105263,0.26052631578947366,0.0,0.0,0.0,0.0,1000,4096,0.95,0.1,0.0,0,True,5.974,0.6960890060395392,3.114,0.18291654507578714,1000,0,0.4789473684210526
PPR-1v1,2,0.7394736842105263,0.26052631578947366,0.0,0.0,0.0,0.0,1000,4096,0.95,0.1,0.0,0,True,14.646,0.7346215075990555,3.726,0.2527940442906613,1000,0,0.4789473684210526
ASC,2,0.7605263157894737,0.23947368421052634,0.0,0.0,0.0,0.0,1000,4096,0.95,0.1,0.0,0,True,5.695,0.5795163797752338,2.547,0.12615746789907725,1000,0,0.5210526315789474
PPR-1v1,2,0.7605263157894737,0.23947368421052634,0.0,0.0,0.0,0.0,1000,4096,0.95,0.1,0.0,0,True,13.153,0.6037950967833948,2.978,0.1989399233263477,1000,0,0.5210526315789474
ASC,2,0.781578947368421,0.21842105263157896,0.0,0.0,0.0,0.0,1000,4096,0.95,0.1,0.0,0,True,5.414,0.4800937606592272,2.293,0.10858610381601295,1000,0,0.5631578947368421
PPR-1v1,2,0.781578947368421,0.21842105263157896,0.0,0.0,0.0,0.0,1000,4096,0.95,0.1,0.0,0,True,12.015,0.49598643505242157,2.75,0.14815346587052713,1000,0,0.5631578947368421
ASC,2,0.8026315789473684,0.19736842105263158,0.0,0.0,0.0,0.0,1000,4096,0.95,0.1,0.0,0,True,5.269,0.3967104891613244,2.079,0.09633295925610838,1000,0,0.6052631578947367
PPR-1v1,2,0.8026315789473684,0.19736842105263158,0.0,0.0,0.0,0.0,1000,4096,0.95,0.1,0.0,0,True,11.314,0.4061678322887322,2.253,0.11630355763052788,1000,0,0.6052631578947367
ASC,2,0.8236842105263158,0.1763157894736842,0.0,0.0,0.0,0.0,1000,4096,0.95,0.1,0.0,0,True,5.063,0.32494056409450967,1.88,0.08125393653357481,1000,0,0.6473684210526316
PPR-1v1,2,0.8236842105263158,0.1763157894736842,0.0,0.0,0.0,0.0,1000,4096,0.95,0.1,0.0,0,True,10.545,0.3306076596855682,2.148,0.10364766682776241,1000,0,0.6473684210526316
ASC,2,0.8447368421052631,0.15526315789473688,0.0,0.0,0.0,0.0,1000,4096,0.95,0.1,0.0,0,True,4.878,0.26342388277973705,1.667,0.05622519250542654,1000,0,0.6894736842105262
PPR-1v1,2,0.8447368421052631,0.15526315789473688,0.0,0.0,0.0,0.0,1000,4096,0.95,0.1,0.0,0,True,9.911,0.26656298134688616,1.965,0.1066261888287495,1000,0,0.6894736842105262
ASC,2,0.8657894736842104,0.1342105263157895,0.0,0.0,0.0,0.0,1000,4096,0.95,0.1,0.0,0,True,4.759,0.21023400830795136,1.536,0.06018576514697081,1000,0,0.7315789473684209
PPR-1v1,2,0.8657894736842104,0.1342105263157895,0.0,0.0,0.0,0.0,1000,4096,0.95,0.1,0.0,0,True,9.364,0.2118844596426963,1.881,0.09438086006572914,1000,0,0.7315789473684209
ASC,2,0.8868421052631579,0.11315789473684212,0.0,0.0,0.0,0.0,1000,4096,0.95,0.1,0.0,0,True,4.587,0.16412430238091963,1.461,0.04678319856174509,1000,0,0.7736842105263158
PPR-1v1,2,0.8868421052631579,0.11315789473684212,0.0,0.0,0.0,0.0,1000,4096,0.95,0.1,0.0,0,True,8.885,0.16491870131081493,1.711,0.06730534160829295,1000,0,0.7736842105263158
ASC,2,0.9078947368421053,0.09210526315789475,0.0,0.0,0.0,0.0,1000,4096,0.95,0.1,0.0,0,True,4.398,0.1240057634046346,1.368,0.041039740012093893,1000,0,0.8157894736842106
PPR-1v1,2,0.9078947368421053,0.09210526315789475,0.0,0.0,0.0,0.0,1000,4096,0.95,0.1,0.0,0,True,8.34,0.12435671473021824,1.398,0.04337600116974221,1000,0,0.8157894736842106
ASC,2,0.9289473684210526,0.07105263157894737,0.0,0.0,0.0,0.0,1000,4096,0.95,0.1,0.0,0,True,4.344,0.08904355722594832,1.246,0.03271932998327678,1000,0,0.8578947368421053
PPR-1v1,2,0.9289473684210526,0.07105263157894737,0.0,0.0,0.0,0.0,1000,4096,0.95,0.1,0.0,0,True,8.064,0.08915685013369058,1.287,0.03789547554876528,1000,0,0.8578947368421053
ASC,2,0.95,0.04999999999999999,0.0,0.0,0.0,0.0,1000,4096,0.95,0.1,0.0,0,True,4.246,0.05845294701778711,1.136,0.023281882356159397,1000,0,0.8999999999999999
PPR-1v1,2,0.95,0.04999999999999999,0.0,0.0,0.0,0.0,1000,4096,0.95,0.1,0.0,0,True,7.753,0.05847952645137214,1.197,0.027874145152236834,1000,0,0.8999999999999999
ASC,3,0.4,0.3,0.3,0.0,0.0,0.0,1000,4096,0.95,0.1,0.0,0,True,17.626,6.386377493730197,39.053,3.7782042054417886,1000,0,0.1428571428571429
PPR-1v1,3,0.4,0.3,0.3,0.0,0.0,0.0,1000,4096,0.95,0.1,0.0,0,True,87.145,7.492446699004979,22.569,3.078733154535618,1000,0,0.1428571428571429
ASC,3,0.4280701754385965,0.28596491228070176,0.28596491228070176,0.0,0.0,0.0,1000,4096,0.95,0.1,0.0,0,True,13.764,4.213369834055888,19.634,1.704970665134438,1000,0,0.199017199017199
PPR-1v1,3,0.4280701754385965,0.28596491228070176,0.28596491228070176,0.0,0.0,0.0,1000,4096,0.95,0.1,0.0,0,True,58.537,4.698720788160541,15.046,1.5429603399344425,1000,0,0.199017199017199
ASC,3,0.456140350877193,0.2719298245614035,0.2719298245614035,0.0,0.0,0.0,1000,4096,0.95,0.1,0.0,0,True,11.269,2.9644452884674037,12.762,0.9589697487298433,1000,0,0.2530120481927711
PPR-1v1,3,0.456140350877193,0.2719298245614035,0.2719298245614035,0.0,0.0,0.0,1000,4096,0.95,0.1,0.0,0,True,44.177,3.234853956875818,13.318,1.1882612679208393,1000,0,0.2530120481927711
ASC,3,0.48421052631578954,0.2578947368421053,0.2578947368421053,0.0,0.0,0.0,1000,4096,0.95,0.1,0.0,0,True,9.765,2.1966509052561087,10.275,0.7726826084579705,1000,0,0.30496453900709225
PPR-1v1,3,0.48421052631578954,0.2578947368421053,0.2578947368421053,0.0,0.0,0.0,1000,4096,0.95,0.1,0.0,0,True,35.935,2.3526518875029923,8.679,0.6879747584528579,1000,0,0.30496453900709225
ASC,3,0.512280701754386,0.24385964912280703,0.24385964912280703,0.0,0.0,0.0,1000,4096,0.95,0.1,0.0,0,True,8.644,1.6734499245042371,7.779,0.5228992088180883,1000,0,0.35498839907192575
PPR-1v1,3,0.512280701754386,0.24385964912280703,0.24385964912280703,0.0,0.0,0.0,1000,4096,0.95,0.1,0.0,0,True,30.171,1.773215078140348,7.117,0.4923349517398746,1000,0,0.35498839907192575
ASC,3,0.5403508771929825,0.2298245614035088,0.2298245614035088,0.0,0.0,0.0,1000,4096,0.95,0.1,0.0,0,True,7.879,1.31103276182517,6.15,0.36662503176121775,1000,0,0.4031890660592255
PPR-1v1,3,0.5403508771929825,0.2298245614035088,0.2298245614035088,0.0,0.0,0.0,1000,4096,0.95,0.1,0.0,0,True,25.617,1.3694352922591866,6.057,0.40147095776647396,1000,0,0.4031890660592255
ASC,3,0.5684210526315789,0.21578947368421053,0.21578947368421053,0.0,0.0,0.0,1000,4096,0.95,0.1,0.0,0,True,7.419,1.040986367933192,4.103,0.22613608409214248,1000,0,0.4496644295302013
PPR-1v1,3,0.5684210526315789,0.21578947368421053,0.21578947368421053,0.0,0.0,0.0,1000,4096,0.95,0.1,0.0,0,True,22.848,1.0764732674098347,6.06,0.4684291043752788,1000,0,0.4496644295302013
ASC,3,0.5964912280701755,0.2017543859649123,0.2017543859649123,0.0,0.0,0.0,1000,4096,0.95,0.1,0.0,0,True,6.838,0.8338110905180909,3.622,0.18057608846058143,1000,0,0.4945054945054945
PPR-1v1,3,0.5964912280701755,0.2017543859649123,0.2017543859649123,0.0,0.0,0.0,1000,4096,0.95,0.1,0.0,0,True,20.184,0.856807247861584,4.452,0.28632093125665065,1000,0,0.4945054945054945
ASC,3,0.624561403508772,0.18771929824561404,0.18771929824561404,0.0,0.0,0.0,1000,4096,0.95,0.1,0.0,0,True,6.364,0.6728578782278605,3.701,0.20216446144035669,1000,0,0.5377969762419006
PPR-1v1,3,0.624561403508772,0.18771929824561404,0.18771929824561404,0.0,0.0,0.0,1000,4096,0.95,0.1,0.0,0,True,18.544,0.6880047575943036,4.131,0.24517330390756034,1000,0,0.5377969762419006
ASC,3,0.6526315789473685,0.17368421052631577,0.17368421052631577,0.0,0.0,0.0,1000,4096,0.95,0.1,0.0,0,True,6.152,0.5466105492761227,2.935,0.15094886737090996,1000,0,0.5796178343949046
PPR-1v1,3,0.6526315789473685,0.17368421052631577,0.17368421052631577,0.0,0.0,0.0,1000,4096,0.95,0.1,0.0,0,True,17.137,0.5556405926612864,3.302,0.19062301312573238,1000,0,0.5796178343949046
ASC,3,0.6807017543859649,0.15964912280701757,0.15964912280701757,0.0,0.0,0.0,1000,4096,0.95,0.1,0.0,0,True,5.79,0.44418135940478576,2.714,0.1181616103739542,1000,0,0.6200417536534446
PPR-1v1,3,0.6807017543859649,0.15964912280701757,0.15964912280701757,0.0,0.0,0.0,1000,4096,0.95,0.1,0.0,0,True,15.678,0.45011413532864764,3.15,0.1637446558282508,1000,0,0.6200417536534446
ASC,3,0.7087719298245614,0.1456140350877193,0.1456140350877193,0.0,0.0,0.0,1000,4096,0.95,0.1,0.0,0,True,5.599,0.3614846992926969,2.446,0.09912067851315842,1000,0,0.6591375770020533
PPR-1v1,3,0.7087719298245614,0.1456140350877193,0.1456140350877193,0.0,0.0,0.0,1000,4096,0.95,0.1,0.0,0,True,14.482,0.364807055480533,2.674,0.13455046572876594,1000,0,0.6591375770020533
ASC,3,0.736842105263158,0.13157894736842107,0.13157894736842107,0.0,0.0,0.0,1000,4096,0.95,0.1,0.0,0,True,5.388,0.29290549955097217,2.125,0.08441860873943316,1000,0,0.696969696969697
PPR-1v1,3,0.736842105263158,0.13157894736842107,0.13157894736842107,0.0,0.0,0.0,1000,4096,0.95,0.1,0.0,0,True,13.743,0.29503005304098456,2.479,0.11727451689225718,1000,0,0.696969696969697
ASC,3,0.7649122807017544,0.1175438596491228,0.1175438596491228,0.0,0.0,0.0,1000,4096,0.95,0.1,0.0,0,True,5.144,0.23612294359205532,2.054,0.08675604077302404,1000,0,0.7335984095427435
PPR-1v1,3,0.7649122807017544,0.1175438596491228,0.1175438596491228,0.0,0.0,0.0,1000,4096,0.95,0.1,0.0,0,True,12.748,0.23737558548564647,2.348,0.11435021631799377,1000,0,0.7335984095427435
ASC,3,0.7929824561403509,0.1035087719298246,0.1035087719298246,0.0,0.0,0.0,1000,4096,0.95,0.1,0.0,0,True,4.939,0.18859637869253992,1.834,0.06692475568071149,1000,0,0.7690802348336594
PPR-1v1,3,0.7929824561403509,0.1035087719298246,0.1035087719298246,0.0,0.0,0.0,1000,4096,0.95,0.1,0.0,0,True,11.982,0.18931959341187132,1.875,0.08626016355082927,1000,0,0.7690802348336594
ASC,3,0.8210526315789474,0.08947368421052633,0.08947368421052633,0.0,0.0,0.0,1000,4096,0.95,0.1,0.0,0,True,4.828,0.1486118580273567,1.65,0.055629080475903925,1000,0,0.8034682080924855
PPR-1v1,3,0.8210526315789474,0.08947368421052633,0.08947368421052633,0.0,0.0,0.0,1000,4096,0.95,0.1,0.0,0,True,11.404,0.14895772012830186,1.939,0.09114596308442074,1000,0,0.8034682080924855
ASC,3,0.8491228070175438,0.07543859649122808,0.07543859649122808,0.0,0.0,0.0,1000,4096,0.95,0.1,0.0,0,True,4.69,0.11466434865266914,1.471,0.04515748219507148,1000,0,0.8368121442125236
PPR-1v1,3,0.8491228070175438,0.07543859649122808,0.07543859649122808,0.0,0.0,0.0,1000,4096,0.95,0.1,0.0,0,True,10.648,0.11483104563101497,1.66,0.06367459818840206,1000,0,0.8368121442125236
ASC,3,0.8771929824561404,0.061403508771929835,0.061403508771929835,0.0,0.0,0.0,1000,4096,0.95,0.1,0.0,0,True,4.525,0.08573650196887805,1.381,0.037752672279777286,1000,0,0.8691588785046729
PPR-1v1,3,0.8771929824561404,0.061403508771929835,0.061403508771929835,0.0,0.0,0.0,1000,4096,0.95,0.1,0.0,0,True,10.001,0.08580644954499102,1.484,0.054577676047288075,1000,0,0.8691588785046729
ASC,3,0.9052631578947369,0.04736842105263158,0.04736842105263158,0.0,0.0,0.0,1000,4096,0.95,0.1,0.0,0,True,4.396,0.06096964164069654,1.296,0.034022662175990016,1000,0,0.9005524861878453
PPR-1v1,3,0.9052631578947369,0.04736842105263158,0.04736842105263158,0.0,0.0,0.0,1000,4096,0.95,0.1,0.0,0,True,9.528,0.06099300874994481,1.465,0.0486327064858634,1000,0,0.9005524861878453
ASC,3,0.9333333333333333,0.033333333333333326,0.033333333333333326,0.0,0.0,0.0,1000,4096,0.95,0.1,0.0,0,True,4.27,0.03967706892195879,1.165,0.02320157997450418,1000,0,0.9310344827586208
PPR-1v1,3,0.9333333333333333,0.033333333333333326,0.033333333333333326,0.0,0.0,0.0,1000,4096,0.95,0.1,0.0,0,True,9.08,0.039682539669219696,1.245,0.03583656316193364,1000,0,0.9310344827586208
ASC,4,0.325,0.225,0.225,0.225,0.0,0.0,1000,4096,0.95,0.1,0.0,0,True,17.049,6.38676808262239,36.215,3.0540917227960342,1000,0,0.18181818181818177
PPR-1v1,4,0.325,0.225,0.225,0.225,0.0,0.0,1000,4096,0.95,0.1,0.0,0,True,77.583,6.923028374531663,23.46,2.2366875443769905,1000,0,0.18181818181818177
ASC,4,0.35657894736842105,0.21447368421052632,0.21447368421052632,0.21447368421052632,0.0,0.0,1000,4096,0.95,0.1,0.0,0,True,12.99,4.001362639472325,17.186,1.3687354897279609,1000,0,0.24884792626728114
PPR-1v1,4,0.35657894736842105,0.21447368421052632,0.21447368421052632,0.21447368421052632,0.0,0.0,1000,4096,0.95,0.1,0.0,0,True,53.107,4.232472724826071,16.029,1.4063306598822787,1000,0,0.24884792626728114
ASC,4,0.38815789473684215,0.20394736842105263,0.20394736842105263,0.20394736842105263,0.0,0.0,1000,4096,0.95,0.1,0.0,0,True,10.837,2.7304908506441725,13.438,0.9248391662789177,1000,0,0.31111111111111117
PPR-1v1,4,0.38815789473684215,0.20394736842105263,0.20394736842105263,0.20394736842105263,0.0,0.0,1000,4096,0.95,0.1,0.0,0,True,40.804,2.852174567556225,10.657,0.9604508403957055,1000,0,0.31111111111111117
ASC,4,0.4197368421052632,0.19342105263157894,0.19342105263157894,0.19342105263157894,0.0,0.0,1000,4096,0.95,0.1,0.0,0,True,9.471,1.9661462657823658,8.987,0.5698856030824087,1000,0,0.369098712446352
PPR-1v1,4,0.4197368421052632,0.19342105263157894,0.19342105263157894,0.19342105263157894,0.0,0.0,1000,4096,0.95,0.1,0.0,0,True,33.981,2.036131781857789,9.508,0.6778860268994085,1000,0,0.369098712446352
ASC,4,0.4513157894736842,0.18289473684210528,0.18289473684210528,0.18289473684210528,0.0,0.0,1000,4096,0.95,0.1,0.0,0,True,8.447,1.4727064020034004,6.617,0.4214260444145697,1000,0,0.4232365145228215
PPR-1v1,4,0.4513157894736842,0.18289473684210528,0.18289473684210528,0.18289473684210528,0.0,0.0,1000,4096,0.95,0.1,0.0,0,True,28.902,1.5097411649856765,7.727,0.5299351868882668,1000,0,0.4232365145228215
ASC,4,0.48289473684210527,0.1723684210526316,0.1723684210526316,0.1723684210526316,0.0,0.0,1000,4096,0.95,0.1,0.0,0,True,7.651,1.126015335947544,5.153,0.26518279150976765,1000,0,0.4738955823293172
PPR-1v1,4,0.48289473684210527,0.1723684210526316,0.1723684210526316,0.1723684210526316,0.0,0.0,1000,4096,0.95,0.1,0.0,0,True,25.176,1.149487579225687,5.791,0.3450396663738408,1000,0,0.4738955823293172
ASC,4,0.5144736842105263,0.1618421052631579,0.1618421052631579,0.1618421052631579,0.0,0.0,1000,4096,0.95,0.1,0.0,0,True,7.008,0.8763204357361974,4.507,0.2524116928009926,1000,0,0.5214007782101167
PPR-1v1,4,0.5144736842105263,0.1618421052631579,0.1618421052631579,0.1618421052631579,0.0,0.0,1000,4096,0.95,0.1,0.0,0,True,22.311,0.89208341947707,5.072,0.31944147955276386,1000,0,0.5214007782101167
ASC,4,0.5460526315789475,0.15131578947368424,0.15131578947368424,0.15131578947368424,0.0,0.0,1000,4096,0.95,0.1,0.0,0,True,6.625,0.6930691725447825,4.314,0.21964436630072637,1000,0,0.5660377358490567
PPR-1v1,4,0.5460526315789475,0.15131578947368424,0.15131578947368424,0.15131578947368424,0.0,0.0,1000,4096,0.95,0.1,0.0,0,True,20.38,0.7020059905134621,3.938,0.222188036409532,1000,0,0.5660377358490567
ASC,4,0.5776315789473684,0.1407894736842105,0.1407894736842105,0.1407894736842105,0.0,0.0,1000,4096,0.95,0.1,0.0,0,True,6.252,0.5525832862198119,3.511,0.172718588202633,1000,0,0.6080586080586081
PPR-1v1,4,0.5776315789473684,0.1407894736842105,0.1407894736842105,0.1407894736842105,0.0,0.0,1000,4096,0.95,0.1,0.0,0,True,18.717,0.5579489012151421,3.606,0.19459864499176924,1000,0,0.6080586080586081
ASC,4,0.6092105263157895,0.13026315789473683,0.13026315789473683,0.13026315789473683,0.0,0.0,1000,4096,0.95,0.1,0.0,0,True,5.991,0.44319963867510115,2.937,0.12791948402958167,1000,0,0.6476868327402135
PPR-1v1,4,0.6092105263157895,0.13026315789473683,0.13026315789473683,0.13026315789473683,0.0,0.0,1000,4096,0.95,0.1,0.0,0,True,17.31,0.44644321796883,3.376,0.17482902845119627,1000,0,0.6476868327402135
ASC,4,0.6407894736842106,0.11973684210526318,0.11973684210526318,0.11973684210526318,0.0,0.0,1000,4096,0.95,0.1,0.0,0,True,5.792,0.35664386739142784,2.518,0.10148879729298194,1000,0,0.685121107266436
PPR-1v1,4,0.6407894736842106,0.11973684210526318,0.11973684210526318,0.11973684210526318,0.0,0.0,1000,4096,0.95,0.1,0.0,0,True,16.287,0.35861689120259177,2.92,0.1505199530170544,1000,0,0.685121107266436
ASC,4,0.6723684210526316,0.10921052631578951,0.10921052631578951,0.10921052631578951,0.0,0.0,1000,4096,0.95,0.1,0.0,0,True,5.59,0.2872320866262658,2.416,0.0965726165653094,1000,0,0.7205387205387204
PPR-1v1,4,0.6723684210526316,0.10921052631578951,0.10921052631578951,0.10921052631578951,0.0,0.0,1000,4096,0.95,0.1,0.0,0,True,15.178,0.28842104740070085,2.734,0.14687687638568847,1000,0,0.7205387205387204
ASC,4,0.7039473684210527,0.09868421052631579,0.09868421052631579,0.09868421052631579,0.0,0.0,1000,4096,0.95,0.1,0.0,0,True,5.311,0.23090592990615197,2.144,0.08631752264004519,1000,0,0.7540983606557377
PPR-1v1,4,0.7039473684210527,0.09868421052631579,0.09868421052631579,0.09868421052631579,0.0,0.0,1000,4096,0.95,0.1,0.0,0,True,14.196,0.23161315148060038,2.222,0.09687156497187449,1000,0,0.7540983606557377
ASC,4,0.7355263157894737,0.0881578947368421,0.0881578947368421,0.0881578947368421,0.0,0.0,1000,4096,0.95,0.1,0.0,0,True,5.181,0.18475885521736551,1.903,0.06780994904281516,1000,0,0.7859424920127795
PPR-1v1,4,0.7355263157894737,0.0881578947368421,0.0881578947368421,0.0881578947368421,0.0,0.0,1000,4096,0.95,0.1,0.0,0,True,13.393,0.18514478070596285,1.989,0.08440380917353792,1000,0,0.7859424920127795
ASC,4,0.7671052631578945,0.07763157894736843,0.07763157894736843,0.07763157894736843,0.0,0.0,1000,4096,0.95,0.1,0.0,0,True,4.94,0.1465437427297456,1.85,0.06415306396124518,1000,0,0.8161993769470405
PPR-1v1,4,0.7671052631578945,0.07763157894736843,0.07763157894736843,0.07763157894736843,0.0,0.0,1000,4096,0.95,0.1,0.0,0,True,12.66,0.1467796195990054,1.963,0.08440826829023183,1000,0,0.8161993769470405
ASC,4,0.7986842105263158,0.06710526315789475,0.06710526315789475,0.06710526315789475,0.0,0.0,1000,4096,0.95,0.1,0.0,0,True,4.824,0.11472858040035988,1.671,0.05249299490898299,1000,0,0.8449848024316109
PPR-1v1,4,0.7986842105263158,0.06710526315789475,0.06710526315789475,0.06710526315789475,0.0,0.0,1000,4096,0.95,0.1,0.0,0,True,12.003,0.11484716638005021,1.764,0.07029399153018162,1000,0,0.8449848024316109
ASC,4,0.8302631578947368,0.05657894736842106,0.05657894736842106,0.05657894736842106,0.0,0.0,1000,4096,0.95,0.1,0.0,0,True,4.703,0.08802666105146688,1.532,0.04577194633256347,1000,0,0.8724035608308605
PPR-1v1,4,0.8302631578947368,0.05657894736842106,0.05657894736842106,0.05657894736842106,0.0,0.0,1000,4096,0.95,0.1,0.0,0,True,11.637,0.08807960578744002,1.591,0.05769790332454073,1000,0,0.8724035608308605
ASC,4,0.861842105263158,0.04605263157894738,0.04605263157894738,0.04605263157894738,0.0,0.0,1000,4096,0.95,0.1,0.0,0,True,4.569,0.06547917812330879,1.461,0.04047365954688453,1000,0,0.8985507246376812
PPR-1v1,4,0.861842105263158,0.04605263157894738,0.04605263157894738,0.04605263157894738,0.0,0.0,1000,4096,0.95,0.1,0.0,0,True,11.165,0.06550110809125363,1.449,0.04478174186434025,1000,0,0.8985507246376812
ASC,4,0.8934210526315791,0.03552631578947369,0.03552631578947369,0.03552631578947369,0.0,0.0,1000,4096,0.95,0.1,0.0,0,True,4.445,0.046343834670618415,1.308,0.0334702294025042,1000,0,0.9235127478753541
PPR-1v1,4,0.8934210526315791,0.03552631578947369,0.03552631578947369,0.03552631578947369,0.0,0.0,1000,4096,0.95,0.1,0.0,0,True,10.634,0.04635109372226141,1.401,0.04183239114548616,1000,0,0.9235127478753541
ASC,4,0.925,0.024999999999999994,0.024999999999999994,0.024999999999999994,0.0,0.0,1000,4096,0.95,0.1,0.0,0,True,4.295,0.0300282868338725,1.2,0.025072467541680625,1000,0,0.9473684210526316
PPR-1v1,4,0.925,0.024999999999999994,0.024999999999999994,0.024999999999999994,0.0,0.0,1000,4096,0.95,0.1,0.0,0,True,10.175,0.03003003002999275,1.274,0.03224847227333357,1000,0,0.9473684210526316
ASC,5,0.28,0.18,0.18,0.18,0.18,0.0,1000,4096,0.95,0.1,0.0,0,True,15.723,6.105823656186929,27.928,2.198716710076851,1000,0,0.21739130434782616
PPR-1v1,5,0.28,0.18,0.18,0.18,0.18,0.0,1000,4096,0.95,0.1,0.0,0,True,68.23,6.428554518762122,25.935,2.4610639184325573,1000,0,0.21739130434782616
ASC,5,0.3136842105263158,0.17157894736842105,0.17157894736842105,0.17157894736842105,0.17157894736842105,0.0,1000,4096,0.95,0.1,0.0,0,True,12.467,3.735168547300212,18.272,1.390874022529196,1000,0,0.29284164859002165
PPR-1v1,5,0.3136842105263158,0.17157894736842105,0.17157894736842105,0.17157894736842105,0.17157894736842105,0.0,1000,4096,0.95,0.1,0.0,0,True,48.813,3.849110766867887,12.25,0.880984468440638,1000,0,0.29284164859002165
ASC,5,0.34736842105263155,0.16315789473684209,0.16315789473684209,0.16315789473684209,0.16315789473684209,0.0,1000,4096,0.95,0.1,0.0,0,True,10.233,2.4884790272113824,11.164,0.7160823122224693,1000,0,0.36082474226804123
PPR-1v1,5,0.34736842105263155,0.16315789473684209,0.16315789473684209,0.16315789473684209,0.16315789473684209,0.0,1000,4096,0.95,0.1,0.0,0,True,38.778,2.5497827616528874,11.079,0.7870286990784854,1000,0,0.36082474226804123
ASC,5,0.38105263157894737,0.15473684210526314,0.15473684210526314,0.15473684210526314,0.15473684210526314,0.0,1000,4096,0.95,0.1,0.0,0,True,8.96,1.7598884222609226,7.142,0.4518783354289404,1000,0,0.4223968565815325
PPR-1v1,5,0.38105263157894737,0.15473684210526314,0.15473684210526314,0.15473684210526314,0.15473684210526314,0.0,1000,4096,0.95,0.1,0.0,0,True,32.013,1.7942939188927576,8.099,0.5105701527516869,1000,0,0.4223968565815325
ASC,5,0.4147368421052632,0.14631578947368423,0.14631578947368423,0.14631578947368423,0.14631578947368423,0.0,1000,4096,0.95,0.1,0.0,0,True,8.113,1.2972212410022534,6.173,0.34806352756245407,1000,0,0.47842401500938075
PPR-1v1,5,0.4147368421052632,0.14631578947368423,0.14631578947368423,0.14631578947368423,0.14631578947368423,0.0,1000,4096,0.95,0.1,0.0,0,True,27.697,1.3143224521062458,6.273,0.38024341684775564,1000,0,0.47842401500938075
ASC,5,0.44842105263157894,0.13789473684210526,0.13789473684210526,0.13789473684210526,0.13789473684210526,0.0,1000,4096,0.95,0.1,0.0,0,True,7.347,0.980295808937374,5.395,0.2749701503501491,1000,0,0.5296229802513465
PPR-1v1,5,0.44842105263157894,0.13789473684210526,0.13789473684210526,0.13789473684210526,0.13789473684210526,0.0,1000,4096,0.95,0.1,0.0,0,True,24.378,0.9902912160873093,5.798,0.371932157159783,1000,0,0.5296229802513465
ASC,5,0.48210526315789476,0.12947368421052635,0.12947368421052635,0.12947368421052635,0.12947368421052635,0.0,1000,4096,0.95,0.1,0.0,0,True,6.87,0.7553931272618393,4.199,0.1999284131142204,1000,0,0.576592082616179
PPR-1v1,5,0.48210526315789476,0.12947368421052635,0.12947368421052635,0.12947368421052635,0.12947368421052635,0.0,1000,4096,0.95,0.1,0.0,0,True,21.914,0.7615848378946932,4.484,0.23891593673261904,1000,0,0.576592082616179
ASC,5,0.5157894736842105,0.12105263157894734,0.12105263157894734,0.12105263157894734,0.12105263157894734,0.0,1000,4096,0.95,0.1,0.0,0,True,6.46,0.5905685464707321,4.133,0.2034175255224822,1000,0,0.6198347107438017
PPR-1v1,5,0.5157894736842105,0.12105263157894734,0.12105263157894734,0.12105263157894734,0.12105263157894734,0.0,1000,4096,0.95,0.1,0.0,0,True,20.323,0.5945577292549721,4.125,0.21462394656337497,1000,0,0.6198347107438017
ASC,5,0.5494736842105263,0.11263157894736842,0.11263157894736842,0.11263157894736842,0.11263157894736842,0.0,1000,4096,0.95,0.1,0.0,0,True,6.161,0.466889632180689,3.514,0.15665358069429614,1000,0,0.6597774244833068
PPR-1v1,5,0.5494736842105263,0.11263157894736842,0.11263157894736842,0.11263157894736842,0.11263157894736842,0.0,1000,4096,0.95,0.1,0.0,0,True,18.689,0.4692331222127834,3.496,0.17986198690755736,1000,0,0.6597774244833068
ASC,5,0.5831578947368422,0.10421052631578949,0.10421052631578949,0.10421052631578949,0.10421052631578949,0.0,1000,4096,0.95,0.1,0.0,0,True,5.986,0.3718382040097979,2.882,0.1208001186616498,1000,0,0.6967840735068912
PPR-1v1,5,0.5831578947368422,0.10421052631578949,0.10421052631578949,0.10421052631578949,0.10421052631578949,0.0,1000,4096,0.95,0.1,0.0,0,True,17.594,0.37311061217701,2.964,0.14100562608132552,1000,0,0.6967840735068912
ASC,5,0.6168421052631579,0.09578947368421054,0.09578947368421054,0.09578947368421054,0.09578947368421054,0.0,1000,4096,0.95,0.1,0.0,0,True,5.69,0.29713041772323756,2.695,0.1108253457348871,1000,0,0.7311669128508125
PPR-1v1,5,0.6168421052631579,0.09578947368421054,0.09578947368421054,0.09578947368421054,0.09578947368421054,0.0,1000,4096,0.95,0.1,0.0,0,True,16.333,0.29803149548319813,2.829,0.1357946950333451,1000,0,0.7311669128508125
ASC,5,0.6505263157894737,0.0873684210526316,0.0873684210526316,0.0873684210526316,0.0873684210526316,0.0,1000,4096,0.95,0.1,0.0,0,True,5.514,0.23797081712388019,2.402,0.09189581514324165,1000,0,0.7631954350927246
PPR-1v1,5,0.6505263157894737,0.0873684210526316,0.0873684210526316,0.0873684210526316,0.0873684210526316,0.0,1000,4096,0.95,0.1,0.0,0,True,15.418,0.23848410080722973,2.554,0.12064675561174298,1000,0,0.7631954350927246
ASC,5,0.6842105263157895,0.07894736842105263,0.07894736842105263,0.07894736842105263,0.07894736842105263,0.0,1000,4096,0.95,0.1,0.0,0,True,5.359,0.19035398211225804,2.006,0.06711533705844343,1000,0,0.7931034482758621
PPR-1v1,5,0.6842105263157895,0.07894736842105263,0.07894736842105263,0.07894736842105263,0.07894736842105263,0.0,1000,4096,0.95,0.1,0.0,0,True,14.506,0.19063544965353227,2.225,0.09954036007209982,1000,0,0.7931034482758621
ASC,5,0.7178947368421054,0.0705263157894737,0.0705263157894737,0.0705263157894737,0.0705263157894737,0.0,1000,4096,0.95,0.1,0.0,0,True,5.164,0.1515883204405002,1.954,0.06946012315500677,1000,0,0.82109479305741
PPR-1v1,5,0.7178947368421054,0.0705263157894737,0.0705263157894737,0.0705263157894737,0.0705263157894737,0.0,1000,4096,0.95,0.1,0.0,0,True,13.899,0.1517535698423748,2.157,0.09209143191324495,1000,0,0.82109479305741
ASC,5,0.751578947368421,0.062105263157894754,0.062105263157894754,0.062105263157894754,0.062105263157894754,0.0,1000,4096,0.95,0.1,0.0,0,True,5.002,0.11975698578188007,1.975,0.06564056431570103,1000,0,0.8473479948253557
PPR-1v1,5,0.751578947368421,0.062105263157894754,0.062105263157894754,0.062105263157894754,0.062105263157894754,0.0,1000,4096,0.95,0.1,0.0,0,True,13.188,0.11984946633014823,1.891,0.07557003261763112,1000,0,0.8473479948253557
ASC,5,0.7852631578947369,0.053684210526315806,0.053684210526315806,0.053684210526315806,0.053684210526315806,0.0,1000,4096,0.95,0.1,0.0,0,True,4.825,0.09340067136888217,1.687,0.05059239656895679,1000,0,0.8720200752823086
PPR-1v1,5,0.7852631578947369,0.053684210526315806,0.053684210526315806,0.053684210526315806,0.053684210526315806,0.0,1000,4096,0.95,0.1,0.0,0,True,12.38,0.09344802973364247,1.742,0.06832352526109951,1000,0,0.8720200752823086
ASC,5,0.8189473684210524,0.045263157894736845,0.045263157894736845,0.045263157894736845,0.045263157894736845,0.0,1000,4096,0.95,0.1,0.0,0,True,4.688,0.07141411152181854,1.622,0.0503751293164956,1000,0,0.8952496954933008
PPR-1v1,5,0.8189473684210524,0.045263157894736845,0.045263157894736845,0.045263157894736845,0.045263157894736845,0.0,1000,4096,0.95,0.1,0.0,0,True,11.896,0.0714373152769935,1.556,0.05031297442405284,1000,0,0.8952496954933008
ASC,5,0.8526315789473684,0.0368421052631579,0.0368421052631579,0.0368421052631579,0.0368421052631579,0.0,1000,4096,0.95,0.1,0.0,0,True,4.576,0.05295761412372209,1.355,0.03452777385188867,1000,0,0.9171597633136095
PPR-1v1,5,0.8526315789473684,0.0368421052631579,0.0368421052631579,0.0368421052631579,0.0368421052631579,0.0,1000,4096,0.95,0.1,0.0,0,True,11.274,0.05296694543866586,1.504,0.057089782301592666,1000,0,0.9171597633136095
ASC,5,0.8863157894736844,0.028421052631578955,0.028421052631578955,0.028421052631578955,0.028421052631578955,0.0,1000,4096,0.95,0.1,0.0,0,True,4.484,0.03737524833549443,1.289,0.02983905778286857,1000,0,0.9378596087456847
PPR-1v1,5,0.8863157894736844,0.028421052631578955,0.028421052631578955,0.028421052631578955,0.028421052631578955,0.0,1000,4096,0.95,0.1,0.0,0,True,10.908,0.037378138524871235,1.455,0.04682058486571016,1000,0,0.9378596087456847
ASC,5,0.92,0.019999999999999997,0.019999999999999997,0.019999999999999997,0.019999999999999997,0.0,1000,4096,0.95,0.1,0.0,0,True,4.322,0.024153892992009995,1.228,0.026357365397753824,1000,0,0.9574468085106382
PPR-1v1,5,0.92,0.019999999999999997,0.019999999999999997,0.019999999999999997,0.019999999999999997,0.0,1000,4096,0.95,0.1,0.0,0,True,10.319,0.02415458937197569,1.22,0.029367711222743637,1000,0,0.9574468085106382
ASC,6,0.25,0.15,0.15,0.15,0.15,0.15,1000,4096,0.95,0.1,0.0,0,True,14.716,5.795621861853792,24.3,2.075868789502658,1000,0,0.25000000000000006
PPR-1v1,6,0.25,0.15,0.15,0.15,0.15,0.15,1000,4096,0.95,0.1,0.0,0,True,61.779,5.999998900581308,18.516,1.624996109643453,1000,0,0.25000000000000006
ASC,6,0.2850877192982456,0.14298245614035088,0.14298245614035088,0.14298245614035088,0.14298245614035088,0.14298245614035088,1000,4096,0.95,0.1,0.0,0,True,11.535,3.451503632828979,14.933,1.0677361900636184,1000,0,0.33196721311475413
PPR-1v1,6,0.2850877192982456,0.14298245614035088,0.14298245614035088,0.14298245614035088,0.14298245614035088,0.14298245614035088,1000,4096,0.95,0.1,0.0,0,True,45.173,3.529338407367708,14.406,1.1258439894979626,1000,0,0.33196721311475413
ASC,6,0.3201754385964913,0.1359649122807018,0.1359649122807018,0.1359649122807018,0.1359649122807018,0.1359649122807018,1000,4096,0.95,0.1,0.0,0,True,9.657,2.2666061364572117,11.098,0.7087388141669022,1000,0,0.4038461538461538
PPR-1v1,6,0.3201754385964913,0.1359649122807018,0.1359649122807018,0.1359649122807018,0.1359649122807018,0.1359649122807018,1000,4096,0.95,0.1,0.0,0,True,36.311,2.3052829131260224,11.169,0.814709881608902,1000,0,0.4038461538461538
ASC,6,0.3552631578947369,0.12894736842105264,0.12894736842105264,0.12894736842105264,0.12894736842105264,0.12894736842105264,1000,4096,0.95,0.1,0.0,0,True,8.677,1.585615065275664,8.075,0.4491849754189717,1000,0,0.4673913043478261
PPR-1v1,6,0.3552631578947369,0.12894736842105264,0.12894736842105264,0.12894736842105264,0.12894736842105264,0.12894736842105264,1000,4096,0.95,0.1,0.0,0,True,30.513,1.6037868212040438,7.867,0.4813928230146873,1000,0,0.4673913043478261
ASC,6,0.39035087719298234,0.12192982456140349,0.12192982456140349,0.12192982456140349,0.12192982456140349,0.12192982456140349,1000,4096,0.95,0.1,0.0,0,True,7.796,1.153807310900811,6.074,0.3132517368677318,1000,0,0.523972602739726
PPR-1v1,6,0.39035087719298234,0.12192982456140349,0.12192982456140349,0.12192982456140349,0.12192982456140349,0.12192982456140349,1000,4096,0.95,0.1,0.0,0,True,26.734,1.163692386718615,6.423,0.3928720140445479,1000,0,0.523972602739726
ASC,6,0.42543859649122806,0.1149122807017544,0.1149122807017544,0.1149122807017544,0.1149122807017544,0.1149122807017544,1000,4096,0.95,0.1,0.0,0,True,7.216,0.8646480231941432,5.12,0.24880012359623438,1000,0,0.5746753246753247
PPR-1v1,6,0.42543859649122806,0.1149122807017544,0.1149122807017544,0.1149122807017544,0.1149122807017544,0.1149122807017544,1000,4096,0.95,0.1,0.0,0,True,23.848,0.8698235000259974,5.33,0.2878923096957993,1000,0,0.5746753246753247
ASC,6,0.4605263157894737,0.10789473684210527,0.10789473684210527,0.10789473684210527,0.10789473684210527,0.10789473684210527,1000,4096,0.95,0.1,0.0,0,True,6.804,0.6612820515744288,4.029,0.17361538325073994,1000,0,0.6203703703703705
PPR-1v1,6,0.4605263157894737,0.10789473684210527,0.10789473684210527,0.10789473684210527,0.10789473684210527,0.10789473684210527,1000,4096,0.95,0.1,0.0,0,True,21.582,0.6643921890053437,4.45,0.23388501919148694,1000,0,0.6203703703703705
ASC,6,0.49561403508771934,0.10087719298245615,0.10087719298245615,0.10087719298245615,0.10087719298245615,0.10087719298245615,1000,4096,0.95,0.1,0.0,0,True,6.402,0.5137579821306711,3.831,0.17415731328247394,1000,0,0.6617647058823529
PPR-1v1,6,0.49561403508771934,0.10087719298245615,0.10087719298245615,0.10087719298245615,0.10087719298245615,0.10087719298245615,1000,4096,0.95,0.1,0.0,0,True,20.078,0.5156341940545079,3.863,0.19050071265357912,1000,0,0.6617647058823529
ASC,6,0.530701754385965,0.09385964912280705,0.09385964912280705,0.09385964912280705,0.09385964912280705,0.09385964912280705,1000,4096,0.95,0.1,0.0,0,True,6.13,0.4037268524679263,3.416,0.14817185596090404,1000,0,0.6994382022471909
PPR-1v1,6,0.530701754385965,0.09385964912280705,0.09385964912280705,0.09385964912280705,0.09385964912280705,0.09385964912280705,1000,4096,0.95,0.1,0.0,0,True,18.558,0.40485909629950323,3.598,0.17851684588369882,1000,0,0.6994382022471909
ASC,6,0.5657894736842107,0.0868421052631579,0.0868421052631579,0.0868421052631579,0.0868421052631579,0.0868421052631579,1000,4096,0.95,0.1,0.0,0,True,5.785,0.3197168751644424,2.971,0.11234224396806297,1000,0,0.7338709677419355
PPR-1v1,6,0.5657894736842107,0.0868421052631579,0.0868421052631579,0.0868421052631579,0.0868421052631579,0.0868421052631579,1000,4096,0.95,0.1,0.0,0,True,17.194,0.32047022190197094,3.16,0.14931408069801957,1000,0,0.7338709677419355
ASC,6,0.6008771929824561,0.07982456140350878,0.07982456140350878,0.07982456140350878,0.07982456140350878,0.07982456140350878,1000,4096,0.95,0.1,0.0,0,True,5.692,0.2545622983562194,2.659,0.10838111212506295,1000,0,0.7654639175257731
PPR-1v1,6,0.6008771929824561,0.07982456140350878,0.07982456140350878,0.07982456140350878,0.07982456140350878,0.07982456140350878,1000,4096,0.95,0.1,0.0,0,True,16.568,0.25495834113361804,2.765,0.12512166251465184,1000,0,0.7654639175257731
ASC,6,0.6359649122807017,0.07280701754385965,0.07280701754385965,0.07280701754385965,0.07280701754385965,0.07280701754385965,1000,4096,0.95,0.1,0.0,0,True,5.443,0.20302515359476242,2.43,0.08883125008121294,1000,0,0.7945544554455446
PPR-1v1,6,0.6359649122807017,0.07280701754385965,0.07280701754385965,0.07280701754385965,0.07280701754385965,0.07280701754385965,1000,4096,0.95,0.1,0.0,0,True,15.535,0.20328714054656133,2.522,0.11475488958944052,1000,0,0.7945544554455446
ASC,6,0.6710526315789475,0.06578947368421054,0.06578947368421054,0.06578947368421054,0.06578947368421054,0.06578947368421054,1000,4096,0.95,0.1,0.0,0,True,5.323,0.16183891804938946,2.16,0.07642146452561767,1000,0,0.8214285714285714
PPR-1v1,6,0.6710526315789475,0.06578947368421054,0.06578947368421054,0.06578947368421054,0.06578947368421054,0.06578947368421054,1000,4096,0.95,0.1,0.0,0,True,14.83,0.16197783438301958,2.224,0.08945292519434915,1000,0,0.8214285714285714
ASC,6,0.7061403508771931,0.05877192982456141,0.05877192982456141,0.05877192982456141,0.05877192982456141,0.05877192982456141,1000,4096,0.95,0.1,0.0,0,True,5.133,0.12848627451666988,1.986,0.06976152715265536,1000,0,0.8463302752293579
PPR-1v1,6,0.7061403508771931,0.05877192982456141,0.05877192982456141,0.05877192982456141,0.05877192982456141,0.05877192982456141,1000,4096,0.95,0.1,0.0,0,True,14.029,0.1285663787103189,1.879,0.06966499990821942,1000,0,0.8463302752293579
ASC,6,0.7412280701754385,0.05175438596491228,0.05175438596491228,0.05175438596491228,0.05175438596491228,0.05175438596491228,1000,4096,0.95,0.1,0.0,0,True,5.019,0.10122487394508366,1.833,0.062104492333227936,1000,0,0.8694690265486725
PPR-1v1,6,0.7412280701754385,0.05175438596491228,0.05175438596491228,0.05175438596491228,0.05175438596491228,0.05175438596491228,1000,4096,0.95,0.1,0.0,0,True,13.62,0.10126925332190186,1.821,0.07245832739726475,1000,0,0.8694690265486725
ASC,6,0.7763157894736842,0.044736842105263165,0.044736842105263165,0.044736842105263165,0.044736842105263165,0.044736842105263165,1000,4096,0.95,0.1,0.0,0,True,4.871,0.07874890902698231,1.641,0.04796268778352001,1000,0,0.891025641025641
PPR-1v1,6,0.7763157894736842,0.044736842105263165,0.044736842105263165,0.044736842105263165,0.044736842105263165,0.044736842105263165,1000,4096,0.95,0.1,0.0,0,True,12.877,0.0787708815905571,1.648,0.06087529713933068,1000,0,0.891025641025641
ASC,6,0.8114035087719298,0.03771929824561404,0.03771929824561404,0.03771929824561404,0.03771929824561404,0.03771929824561404,1000,4096,0.95,0.1,0.0,0,True,4.744,0.06007365270169484,1.486,0.03928545974463513,1000,0,0.9111570247933884
PPR-1v1,6,0.8114035087719298,0.03771929824561404,0.03771929824561404,0.03771929824561404,0.03771929824561404,0.03771929824561404,1000,4096,0.95,0.1,0.0,0,True,12.342,0.06008457436849092,1.669,0.057242604026334395,1000,0,0.9111570247933884
ASC,6,0.8464912280701755,0.030701754385964918,0.030701754385964918,0.030701754385964918,0.030701754385964918,0.030701754385964918,1000,4096,0.95,0.1,0.0,0,True,4.555,0.044454782696696456,1.461,0.040125915429919966,1000,0,0.9299999999999999
PPR-1v1,6,0.8464912280701755,0.030701754385964918,0.030701754385964918,0.030701754385964918,0.030701754385964918,0.030701754385964918,1000,4096,0.95,0.1,0.0,0,True,11.883,0.044459301353585404,1.455,0.0503439123381319,1000,0,0.9299999999999999
ASC,6,0.8815789473684212,0.023684210526315797,0.023684210526315797,0.023684210526315797,0.023684210526315797,0.023684210526315797,1000,4096,0.95,0.1,0.0,0,True,4.433,0.031314309713280926,1.365,0.03612589210081988,1000,0,0.9476744186046512
PPR-1v1,6,0.8815789473684212,0.023684210526315797,0.023684210526315797,0.023684210526315797,0.023684210526315797,0.023684210526315797,1000,4096,0.95,0.1,0.0,0,True,11.388,0.03131581357016317,1.403,0.04613805067099952,1000,0,0.9476744186046512
ASC,6,0.916666666666667,0.016666666666666666,0.016666666666666666,0.016666666666666666,0.016666666666666666,0.016666666666666666,1000,4096,0.95,0.1,0.0,0,True,4.329,0.020201682837816533,1.242,0.02864011620535532,1000,0,0.9642857142857142
PPR-1v1,6,0.916666666666667,0.016666666666666666,0.016666666666666666,0.016666666666666666,0.016666666666666666,0.016666666666666666,1000,4096,0.95,0.1,0.0,0,True,10.792,0.02020202020201921,1.286,0.03759810656958163,1000,0,0.9642857142857142
